{"cameraMode":{"drawMode":0,"name":"Shaded","section":"Shading Mode"},"sceneLighting":true,"audioPlay":false,"sceneViewState":{"showFog":true,"showMaterialUpdate":false,"showSkybox":true,"showFlares":true,"showImageEffects":true,"showParticleSystems":true},"in2DMode":false,"pivot":{"x":-0.47542405128479006,"y":4.715266704559326,"z":-8.72659969329834},"rotation":{"x":-0.03638971224427223,"y":-0.5093060731887817,"z":0.02156023308634758,"w":-0.8595545887947083},"size":23.40656852722168,"orthographic":false}